"date","type","dead","injured","location","details","perpetrator","partOf"
"1","Grenade attacks","0","6","Srinagar district, Anantnag district and Pulwama district, India","Militants carried out three grenade attacks in the districts of Srinagar, Anantnag and Pulwama in Jammu and Kashmir. Six people were injured in the attacks.[1][2]","Jaish-e-Mohammed","Insurgency in Jammu and Kashmir"
"1","Shooting","1","0","Jamui district, India","Over 30 armed Maoists raided a village and shot dead a farmer in the district of Jamui in the Indian state of Bihar.[3]","CPI","Naxalite–Maoist insurgency"
"1","Shooting","1","4","North Waziristan, Pakistan","Gunmen shot and killed a Pakistani official and wounded three security forces in North Waziristan. A fourth guard was still missing.[4]","Hizbul Ahrar","War in North-West Pakistan"
"1","Shooting, mortar attack","72","Unknown","Moqokori, Somalia","The Islamist group Al-Shabaab attacked the town of Moqokori in the Hiran region of Somalia. According to the militants, 72 soldiers were killed in the fighting.[5][6][7]","Al-Shabaab","Somali Civil War"
"1","Bombing","0","0","Santiago, Chile","An incendiary explosive device were detonate on the outskirts of the Cooperlacar savings and credit cooperative (a banking institution directed to members of the police force). Later an unknown anarchist group claimed the attack in an anti stablishment website.[8][9]","Anarchists","Terrorism in Chile"
"1","Shooting","4","10","Bari, Somalia","Al-Shabaab militants carried out a major attack on a military base near the Galgala mountains in the Bari region of Somalia, killing at least four soldiers and wounding ten more.[10][11]","Al-Shabaab","Somali Civil War"
"2","Bombing","1","3","Mes Aynak, Afghanistan","An Afghan archaeologist was killed and three people injured in a bomb attack on the outskirts of Kabul.[12]","Taliban","War in Afghanistan"
"2","Grenade attacks","0","8","Srinagar, India","Four Central Reserve Police Force personnel, including an officer, and four civilians were injured in three grenade explosions in Srinagar, India.[13]","Jaish-e-Mohammed","Insurgency in Jammu and Kashmir"
"2","Bombing","4","0","Al-Shirqat District, Iraq","Four Iraqi policemen were killed in a bomb explosion in near the town of Al-Shirqat in Iraq's central Saladin governorate.[14][15]","Islamic State (suspected)","Iraqi insurgency"
"2","Shooting","12","0","Balad District, Iraq","A family of 12 was killed by Islamic state militants in the village of Al-Farahatiyah in the Balad district of the Iraqi Saladin governorate.[16][17]","Islamic State","Iraqi insurgency"
"2","Shooting, arson","1","5","Ajdabiya, Libya","Islamic state militants attacked a security checkpoint in the south of the eastern Libyan city of Ajdabiya, killing one woman and injuring five others. The attackers also burned the checkpoint and four security vehicles.[18]","Islamic State","Libyan Civil War"
"2","Shooting, suicide bombing","0 (+1)","2","Karachi, Pakistan","A man opened fire on security forces after being asked to stop at a checkpoint near Hub on the outskirts of Karachi in Pakistan, and then detonated a bomb that led to his death. Two Rangers were injured in the incident.[19][20]","Hizbul Ahrar","War in North-West Pakistan"
"2","Shooting","3","0","Mogadishu, Somalia","Gunmen, probably Al-Shabaab fighters, shot dead two security soldiers in the Somali capital Mogadishu. A civilian passerby was also killed in the shootout.[21]","Al-Shabaab (suspected)","Somali Civil War"
"2","Shooting","1","0","Briceño, Colombia","A soldier was killed by FARC dissidents in the municipality of Briceño in the Antioquia department in Colombia.[22]","FARC dissidents","Colombian conflict"
"3","Roadside Bombing","3","0","Dih Bala district,Afghanistan","Three children were killed when an improvised explosive device detonate Deh Bala district in the Nangarhar Province. No more details were provided for the Authorities.[23]","Islamic State of Iraq and the Levant – Khorasan Province","War in Afghanistan"
"3","Bombing","2","0","Kirkuk Governorate, Iraq","Two police personnel were killed in a bomb explosion in the Iraqi province of Kirkuk.[24]","Islamic State (suspected)","Iraqi insurgency"
"3","Executions","5","0","Macomia District, Mozambique","Five civilians were decapitated in an attack on the village of Rueia in the Macomia district in the northern Mozambican province of Cabo Delgado.[25]","Ansar al-Sunna","Islamist insurgency in Mozambique"
"3","Shooting","10","30","Wanna, Pakistan","At least ten activists of the Pashtun Tahafuz Movement were killed and 30 others sustained injuries when local Taliban militants shot at them in Wanna in South Waziristan, Pakistan.[26][27]","Tehrik-i-Taliban Pakistan","War in North-West Pakistan"
"4","Assassinations","4","0","Cauca Department, Colombia","The FARC's dissidence murdered four leaders along the month from the El Naya region (southwestern Colombia), including one who was kidnapped while being transported on a humanitarian mission. The militants claimed that social leaders were involved with the drug trafficking in the area.[28]","FARC dissidents","Colombian conflict"
"4","Grenade attacks","0","23","Pulwama and Shopian, India","Fifteen civilians and eight security personnel were injured in twin grenade attacks by Jaish-e-Mohammed militants in Pulwama and Shopian in Jammu and Kashmir, India.[29]","Jaish-e-Mohammed","Insurgency in Jammu and Kashmir"
"4","Bombing","0","2","Taji District, Iraq","Two people were injured in a bomb explosion outside popular markets in the rural district of Taji, north of Iraq's capital Baghdad.[30]","Islamic State (suspected)","Iraqi insurgency"
"4","Suicide bombings","9 (+3)","38","Diffa, Niger","Three suicide bombers, two women and a man, blew themselves up in Diffa in southeast Niger. The first explosion took place near a mosque, the second near a Koran school and the third not far from a business centre. Nine people were killed and 38 others injured in the attacks.[31][32]","Boko Haram","Boko Haram insurgency"
"4","Shooting","0","6","Echague, Philippines","Seven soldiers were wounded in an encounter with New People' s Army rebels in Echague in the Philippine province of Isabela.[33]","New People's Army","CPP–NPA–NDF rebellion"
"4","Suicide bombing, car bombing","14 (+1)","22","Kabul, Afghanistan","A suicide bomber detonated his explosives targeting a gathering of Afghanistan's top clerics in Kabul, killing at least 14 people and wounding 19. Shortly afterwards, a magnetic bomb attached to a police car exploded and as a result three people were wounded.[34][35][36]","Islamic State","War in Afghanistan"
"4","Ambush","1","2","Lopez, Philippines","A soldier was killed, while two others were wounded in an ambush by the New People's Army terrorist group in the municipality of Lopez in the Philippine province of Quezon.[37]","New People's Army","CPP–NPA–NDF rebellion"
"5","Stabbing, shooting, arson","7","4","Macomia District, Mozambique","Six men armed with machetes and guns killed seven people and injured four others and set dozens of homes on fire in the village of Naunde in the Macomia district of the northern Mozambican province of Cabo Delgado.[25][38][39]","Ansar al-Sunna","Islamist insurgency in Mozambique"
"5","Shooting","1","9","Sagada, Philippines","A policeman died, while nine others were wounded in an encounter with New People' s Army rebels in the municipality of Sagada in the Philippine Mountain province.[40]","New People's Army","CPP–NPA–NDF rebellion"
"5","Shooting","0","3","Lampong Sheanghah, India","The Assam Rifles outpost at Lampong Sheanghah village in the Mon district of the Indian state of Nagaland was attacked by militants, leaving three security personnel injured.[41]","National Socialist Council of Nagaland","Nagaland conflict"
"5","Kidnapping","0","1","Ambazonia, Cameroon","Separatists abducted a policeman. Two days later, they released a video of him saying he had been treated well, while claiming that government forces had committed atrocities.[42]","Ambazonia Defence Forces","Anglophone crisis"
"5","Shooting","2","0","Sardasht County, Iran","Two border guards were killed in a shootout with terrorists in Kani Sev outside the city of Sardasht in the Iranian province of Western Azerbaijan.[43][44]","Democratic Party of Iranian Kurdistan","Western Iran clashes"
"5","Shooting","8","9","Nyala, Sudan","Unknown gunmen massacred 8 people and injured 9 others including 7 seriously by shooting in a town near Nyala, Sudan.[45]","Unknown","War in Darfur"
"5","Shooting","2 (+8)","0","Bardera, Somalia","Two government soldiers and eight militants were killed when Al-Shabaab terrorists attacked a military camp in the city of Bardera in the Gedo region of Somalia.[46]","Al-Shabaab","Somali Civil War"
"5","Shooting","0","4","Hacarí, Colombia","Four Colombian soldiers were injured, two of them in seriusly condition after a gunfight against militants of the Popular LIberation Army in Hacarí, Norte de Santander Department.[47]","EPL","Colombian conflict"
"5","Ambush","12","0","Middle Shabelle, Somalia","Two lawmakers from Somalia's semi-autonomous state of Hirshabelle were killed along with ten bodyguards in an ambush in the Middle Shabelle region near Somalia's capital Mogadishu.[48][49]","Al-Shabaab","Somali Civil War"
"6","Bombing","0","1","Muang district, Yala, Thailand","One defense volunteer was injured when an improvised explosive device detonate in front of Ban Sakor school in Tambon Tasab of Yala Muang district.[50]","Barisan Revolusi Nasional (suspected)","South Thailand insurgency"
"6","Bombing","6","3","Liboi, Kenya","Six General Service Unit officers were killed and three more injured, one of them in critical condition after their truck hit an improvised explosive device in the town of Liboi in the Kenyan county of Garissa.[51]","Al-Shabaab","Spillover of the war in Somalia"
"6","Bombing","2","2","Puli Khumri District, Afghanistan","At least two people lost their lives and two others were injured when a bomb blast hit a voter registration center in Khawja Alwan outside Pul-e Khomri, the capital of the northern Afghan province of Baghlan.[52]","Taliban","War in Afghanistan"
"6","Bombings","20","110","Baghdad, Iraq","At least 20 people were killed and 110 wounded when two bombs exploded near an ammunition cache placed in a Shiite mosque in the Sadr City area of Iraq's capital Baghdad.[53][54]","Islamic State (suspected)","Iraqi insurgency"
"6","Execution, shooting, arson","6","2","Quissanga District, Mozambique","At least six people were killed and two seriously injured when terrorists attacked the village of Namaluco in the Quissanga district of the province of Cabo Delgado in northern Mozambique. Some of the six dead were shot and others decapitated, two seriously injured by gunfire. The assailants also burned down a hundred houses.[55][56]","Ansar al-Sunna","Islamist insurgency in Mozambique"
"6","Shooting","1","0","Mogadishu, Somalia","Gunmen shot and killed a former Somali member of parliament in Mogadishu.[57]","Al-Shabaab","Somali Civil War"
"7","Ambush","4","0","Anco District, Peru","Four policemen were killed in an ambush by terrorists in the Anco district of Churcampa province in the Huancavelica region of Peru.[58]","Shining Path","Internal conflict in Peru"
"7","Shooting","1","1","Keran, India","Terrorists attacked an army patrol near the Line of Control in the Keran sector in Jammu and Kashmir's Kupwara district, killing one soldier and injuring another.[59]","Jaish-e-Mohammed","Insurgency in Jammu and Kashmir"
"7","Shooting","2","0","Saraikela, India","One personnel of the Central Reserve Police Force's Cobra battalion and a state police officer were killed in a shootout with Maoists in Jharkhand's Seraikela in India.[60]","CPI","Naxalite–Maoist insurgency"
"7","Shooting","1","1","Gossi, Mali","Terrorists on motorcycles opened fire at a checkpoint in Gossi in the Gourma-Rharous Cercle in the Malian region of Tombouctou. One policeman was killed and another is missing, possibly escaped.[61][62]","Al-Qaeda in the Islamic Maghreb (suspected)","Northern Mali conflict"
"7","Bombing","2","0","Koro Cercle, Mali","An army convoy hit an explosive device in the Koro Cercle of the Malian Mopti region. Two people were killed in the incident.[63]","Al-Qaeda in the Islamic Maghreb (suspected)","Northern Mali conflict"
"7","Bombing","3","2","Lower Dir District, Pakistan","At least three people, including two policemen, were killed and two injured in a bomb blast in Khyber Pakhtunkhwa's Lower Dir District in Pakistan.[64][65]","Tehrik-i-Taliban Pakistan","War in North-West Pakistan"
"7","Shooting","4","0","Sukhirin District, Thailand","Four villagers were shot while panning for gold in the Suchirin district in the Thai province of Narathiwat.[66][67]","Barisan Revolusi Nasional (suspected)","South Thailand insurgency"
"7","Shooting","22","0","As-Suwayda Governorate, Syria","Islamic state militants killed 22 pro-regime fighters in an attack in the southern Syrian province of As-Suwayda.[68]","Islamic State","Syrian Civil War"
"7","Shooting","1","0","Convención, Colombia","A sniper from the National Liberation Army killed a Colombian soldier in the village of Carrizal in the municipality of Convención in the Colombian department of Norte de Santander.[69]","ELN","Colombian conflict"
"8","Shooting, stabbing","10 (+4)","0","Diamaré, Cameroon","At least 10 people were killed in attacks in villages in the department of Diamaré in the far north of Cameroon. Four Boko Haram terrorists were also killed.[70][71][72]","Boko Haram","Boko Haram insurgency"
"8","Bombing","1","14","Kirkuk, Iraq","A woman was killed and 14 people, including women and children, were wounded when a bomb exploded in the Iraqi city of Kirkuk.[73]","Islamic State (suspected)","Iraqi insurgency"
"8","Shooting, mortar attack","1","5","Jamame District, Somalia","A US special forces soldier was killed and four other US soldiers and a Somali soldier were wounded in an attack by Al-Shabaab militants near the town of Jamame in southern Somalia.[74][75]","Al-Shabaab","Somali Civil War"
"8","Shooting, suicide bombings","30 (+10)","0","Abu Kamal, Syria","30 Syrian pro-regime fighters were killed when at least ten suicide bombers attacked the city of Abu Kamal in the Deir ez-Zor province.[76]","Islamic State","Syrian Civil War"
"8-9","Shootings","65","17","Shah Wali Kot District, Qalay-I-Zal District and Shindand District, Afghanistan","Taliban insurgents killed as many as 65 government soldiers and police officers in attacks in the districts of Shah Wali Kot, Qalay-I-Zal and Shindand in three Afghan provinces. At least 17 security forces were injured in the incidents.[77][78]","Taliban","War in Afghanistan"
"9","Arson","0","0","Curacautín, Chile","An arson attack was reported an employer's house located on the route between Victoria and Curacautín. At least ten gunmen arrived to the site, threatened the guards thatwere in the area and attacked the house with petrol bombs. A banner was found at the site where the group ""Resistencia Mapuche Malleco"" claimed the attack.[79]","Resistencia Mapuche Malleco","Mapuche conflict"
"9","Bombing","2","20","Al Khalis, Iraq","Two people was killed and 20 others were injured when a bomb exploded at a popular market in the town of Al Khalis in the Iraqi province of Diyala.[80][81][82]","Islamic State","Iraqi insurgency"
"9","Shooting, bombing","3 (+13)","3","Boni and Dallah, Mali","Terrorists attacked an army checkpoint in the village of Boni in the Douentza Cercle of the Malian Mopti region. A vehicle carrying reinforcements from Douentza hit a mine in the village of Dallah in the same region. Three soldiers and thirteen fighters were killed and three others injured in both incidents.[83][84][85]","Al-Qaeda in the Islamic Maghreb (suspected)","Northern Mali conflict"
"9","Suicide bombing","0 (+1)","0","Maiduguri, Nigeria","A male suicide bomber detonated a bomb attached to his body, killing only himself in Maiduguri in the Nigerian state of Borno.[86]","Boko Haram","Boko Haram insurgency"
"9","Suicide car bombing","0 (+2)","7","Kismayo District, Somalia","Two terrorists were killed and seven soldiers injured in a suicide car bomb explosion at a military base near the Somali city of Kismayo.[87][88]","Al-Shabaab","Somali Civil War"
"10","Shooting, Clashes","9","18","Oshnavieh, Iran","PDKI peshmergas claimed killed nine and injured 18 members of the Iranian Revolutionary Guards Corps in a clash on Friday near an Iran-Iraq border town.[89][90]","Democratic Party of Iranian Kurdistan","Western Iran clashes"
"10","Shooting, kidnapping","2","15","Kirkuk Governorate, Iraq","Islamic State militants abducted five people, including a Kurdish Peshmerga, and killed two and wounded ten members of the Iranian-backed Shia Hashd al-Shaabi, in separate incidents in the Iraqi province of Kirkuk.[91]","Islamic State","Iraqi insurgency"
"11","Shooting","1","0","Furu-Awa, Cameroon","A Cameroonian soldier was killed in an ambush in the town of Furu-Awa in the Menchum Department.[92]","Ambazonia Defence Forces","Anglophone crisis"
"11","Bombing","0","10","Anantnag, India","Militants threw a grenade against an army camp injuring ten Central Reserve Police Force jawans who sustained minor injuries [93][94]","Jaish-e-Mohammed (suspected)","Insurgency in Jammu and Kashmir"
"11","Suicide bombing","2 (+1)","4","Maiduguri, Nigeria","At least two people were killed and four others injured when a Boko Haram suicide bomber detonated his explosives in the city of Maiduguri in the Nigerian state of Borno.[95]","Boko Haram","Boko Haram insurgency"
"11","Shooting","2","0","Pulwama district, India","Two policemen were killed when terrorist  opened fired on a police guard post, deployed at District court complex in Pulwama in Jammu and Kashmir.[96][97]","Jaish-e-Mohammed (suspected)","Insurgency in Jammu and Kashmir"
"11","Suicide bombing","17 (+1)","40","Kabul, Afghanistan","At least 17 people were killed and 40 others seriously injured after a suicide bomber detonated his explosives at an Afghan ministry in Kabul.[98][99]","Islamic State","War in Afghanistan"
"11","Bombing","6","3","Jaghatū District, Afghanistan","Six civilians were killed and three others injured in a landmine explosion in the Jaghatū district of the southern Afghan province of Ghazni.[100]","Taliban (suspected)","War in Afghanistan"
"11","Shooting","15","0","Qalay-I-Zal District, Afghanistan","15 members of the Afghan security forces were killed when Taliban fighters attacked their security post in Qalay-I-Zal district in the northern province of Kunduz.[101]","Taliban","War in Afghanistan"
"11","Shooting","1","0","Sirajdikhan Upazila, Bangladesh","Shahzahan Bachchu, a well-known writer and publisher, was shot dead by assailants on motorcycles in the village of Kakaldi in the Sirajdikhan Upazila of the Munshiganj District in the Dhaka Division in Bangladesh.[102][103]","Jamaat-ul-Mujahideen Bangladesh","Terrorism in Bangladesh"
"11","Shootings, bombing","3","13","Kirkuk Governorate, Iraq","Islamic state militants opened fire on a security checkpoint manned by members of al-Hashd al-Ashaeri in the Iraqi province of Kirkuk. Three Sunni fighters were injured in the attack. When medics rushed to the scene to help the injured, a bomb exploded, killing two people and injuring ten others. In another incident in the same province, a civilian was shot and killed.[104]","Islamic State","Iraqi insurgency"
"11","Stabbing","0","1","Afula, Israel","An 18-year-old woman was stabbed several times by a Palestinian terrorist in the Israeli city of Afula.[105]","Palestinian nationalist","Israeli–Palestinian conflict"
"11","Shooting, stabbing, arson","4","0","Nangade District, Mozambique","Terrorists armed with machetes and firearms attacked the village of Changa in the Nangade district in the northern Mozambican province of Cabo Delgado, killing four people. The attackers also burned down several houses.[106]","Ansar al-Sunna","Islamist insurgency in Mozambique"
"11","Shooting","0","6","Satipo Province, Peru","A group of terrorists attacked a military base in the town of Mazángaro in the province of Satipo in Peru. Six soldiers were injured in the shooting.[107]","Shining Path","Internal conflict in Peru"
"11","Suicide bombing","2 (+1)","3","Derna, Libya","A suicide bomber detonated his explosives in the Libyan city of Derna, killing two fighters of Haftar's Libyan National Army and wounding three others.[108]","Derna Protection Force","Libyan Civil War"
"11","Shooting","5","0","Bannang Sata District, Thailand","Shooters stormed into a house and shot five people dead in the Bannang Sata district of Yala province in Thailand.[109][110]","Barisan Revolusi Nasional (suspected)","South Thailand insurgency"
"12","Shooting","1","1","Guihulngan, Philippines","Members of the New People's Army shot dead aa civilian and a newly-elected barangay chairman was critically injured.[111]","New People's Army","Communist rebellion in the Philippines"
"12","Shooting, hostage taking","14","25","Sayyad District, Afghanistan","The Taliban killed at least 14 members of Afghanistan's security forces in an attack in the Sayyad district of Sar-e Pol province. 25 others were wounded during the attack and four of the injured soldiers were taken hostage by the insurgents.[112]","Taliban","War in Afghanistan"
"12","Shooting","13","16","Kohistan District, Afghanistan","13 security personnel, including the district administrative chief, were killed and 16 others injured when Taliban militants attacked the district center of the Kohistan district in the northwestern province of Faryab, Afghanistan.[113][114]","Taliban","War in Afghanistan"
"12","Suicide car bombing","5 (+1)","26","Muqur District, Afghanistan","At least five policemen were killed and 26 others, including a governor and 18 policemen, were wounded by a suicide bomber using a military Humvee in the Muqur district of the eastern Afghan province of Ghazni.[115]","Taliban (suspected)","War in Afghanistan"
"12","Suicide car bombings","0 (+2)","4","Derna, Libya","A suicide car bomber attacked military forces in the Libyan city of Derna, injuring four soldiers. Another suicide bomber drove a car loaded with explosives to the port of Derna, trying to hit the soldiers in charge of securing the port, but his vehicle exploded before reaching the target.[116]","Derna Protection Force","Libyan Civil War"
"12","Execution, arson","1","0","Macomia District, Mozambique","A group of armed men attacked the village of Nathuko in the Macomia district in the Mozambican province of Cabo Delgado. The terrorists decapitated a villager, burned down several houses and killed all the animals.[117]","Ansar al-Sunna","Islamist insurgency in Mozambique"
"13","Stabbing, shooting","1","0","Mayo-Sava, Cameroon","A trader was killed by Boko Haram terrorists armed with machetes and firearms in the village of Alhadjiri in the department of Mayo-Sava in Cameroon's Far North region.[118]","Boko Haram","Boko Haram insurgency"
"13","Shooting, hostage taking","20 (+8)","9","Jurm District, Afghanistan","20 soldiers were killed, at least three injured and six taken hostage in a Taliban attack on a military post in the Jurm district in the northern Afghan province of Badakhshan. Eight militants were also killed.[119][120]","Taliban","War in Afghanistan"
"14","Shooting","3","1","Srinagar, India","Senior journalist Shujaat Bukhari was shot dead along with his two security officers outside his office in the city of Srinagar in the Indian state of Jammu and Kashmir. A civilian was also injured in the incident.[121][122][123]","Lashkar-e-Taiba","Insurgency in Jammu and Kashmir"
"14","Shooting","1 (+2)","0","Bandipora district, India","An army personnel and two militants were killed in an encounter in a forest area in the Bandipora district in the Indian state of Jammu and Kashmir.[124]","Lashkar-e-Taiba (suspected)","Insurgency in Jammu and Kashmir"
"14","Kidnapping, shooting","1","0","Pulwama district, India","An army soldier was kidnapped by militants in the Pulwama district in the Indian state of Jammu and Kashmir. His corpse was found later.[125][126]","Lashkar-e-Taiba and Hizbul Mujahideen","Insurgency in Jammu and Kashmir"
"14","Arson","0","0","Macomia District, Mozambique","Terrorists attacked the village of Ibu in the Macomia district in the northern Mozambican province of Cabo Delgado, where they burned down 44 houses.[127]","Ansar al-Sunna","Islamist insurgency in Mozambique"
"14","Shooting","4","9","Suruç, Turkey","Four people were killed and nine injured in a shooting in the southern Turkish town of Suruç. The shootout took place when a parliamentary candidate from the Justice and Development Party visited shopkeepers.[128][129]","PKK (suspected)","Kurdish–Turkish conflict"
"15","Bombing","1","0","Daynile District, Somalia","At least one Somali soldier was killed when an improvised explosive device detonated in the Daynile district of Somalia's Banaadir region.[130][131]","Islamic State","Somali Civil War"
"15","Shooting","Unknown (+1)","Unknown","Buea, Cameroon","Separatists blocked the Buea-Kumba Highway during a series of clashes in this road who remained blocked for four days. No details of the casualties were given, that only one gunmen were killed in the attack.[132]","Ambazonia Defence Forces","Anglophone Crisis"
"16","Shooting, Clashes","1","Unknown","Fundong, and Ekona, Cameroon","A police officer was killed while on patrol in Fundong, Boyo Division.The same day, Ambazonian started a blockade of the Kumba-Buea highway at Ekona, a town located approximately 10 kilometers from Buea. A military assault on the separatists in Ekona failed to lift the blockade.While casualties related to the battle of Ekona remain unconfirmed, the Cameroonian government later declared that more than 40 soldiers and policemen died in the later half of June.[133][134]","Ambazonia Defence Forces","Anglophone crisis"
"16","Suicide bombing","36 (+1)","65","Rodat District, Afghanistan","A suicide bomber killed at least 36 people and injured 65 others at a gathering of Taliban and Afghan armed forces in the Rodat district of the eastern Afghan province of Nangarhar.[135][136]","Islamic State","War in Aghanistan"
"16","Bike Bombing","0","6","Caloto, Colombia","A motorcycle bomb were detonate near the municipal cementery of Caloto left two civilians injured. Later in the municipality of La Trituradora four civilians were slightly injured by the detonation of other motorcycle bomb. The authorities suspects of  FARC dissidents are behind the attacks.[137][138]","FARC dissidents","Colombian conflict"
"16","Suicide bombing, attempted suicide bombing","1 (+2)","0","Limani, Cameroon","Two suicide bombers were killed when one of them prematurely activated her explosive device in the town of Limani in the Far North region of Cameroon. A young boy was also killed in the explosion.[139]","Boko Haram","Boko Haram insurgency"
"16","Shooting","2","0","Hile-Alifa, Cameroon","Two people were killed by terrorists in the village of Tchika in the commune of Hile-Alifa in northern Cameroon.[140]","Boko Haram","Boko Haram insurgency"
"16","Suicide bombings","43 (+6)","84","Damboa, Nigeria","At least 43 people were killed and 84 others injured when six female suicide bombers detonated their explosives in the Damboa local government area in the Nigerian state of Borno.[141][142]","Boko Haram","Boko Haram insurgency"
"16","Mortar attack","1","1","General Salipada K. Pendatun, Philippines","A woman believed to be pregnant was killed while a 14-year-old boy was injured by mortar fire from members of the Bangsamoro Islamic Freedom Fighters in General Salipada K. Pendatun in the Philippine province of Maguindanao.[143][144]","Bangsamoro Islamic Freedom Fighters","Moro conflict"
"16","Shooting","0 (+1)","1","Comin-Yanga Department, Burkina Faso","The district police station and the gendarmerie brigade in Comin-Yanga were attacked by armed men in the province of Koulpélogo in Burkina Faso. An assailant was killed and a policeman slightly injured.[145][146]","Al-Qaeda in the Islamic Maghreb (suspected)","Insurgency in the Maghreb"
"16","Shooting","1","0","Pama Department, Burkina Faso","A policeman was killed in an attack on a checkpoint of the National Road Safety Office in Tindangou in the Pama department of the Kompienga province in Burkina Faso.[147]","Al-Qaeda in the Islamic Maghreb (suspected)","Insurgency in the Maghreb"
"16-17","Kidnapping","1","11","Obo, Uppi Central African Republic","Militants of the Lord's Resistance Army abducted eight people in the town of Obo in the prefecture of Haut-Mbomou in the Central African Republic. In the town of Uppi, a worshipper was shoot desde and other three were injured during antes attack against a church.[148]","Lord's Resistance Army","Lord's Resistance Army insurgency"
"17","Bombing, Attempted Bombing","0","0","Arakan, Philippines","An improvised device detonate near an Army detachment and another bomb were defused in Arakan, Cotabato province. No casualties were reported.[149]","Bangsamoro Islamic Freedom Fighters","Moro conflict"
"17","Suicide bombing","25 (+1)","50","Jalalabad, Afghanistan","A suicide bomber detonated his explosives near the governor's compound in Afghanistan's eastern city of Jalalabad, killing at least 25 people and injuring 50 others.[150][151][152]","Islamic State","War in Aghanistan"
"17","Ambush","4","6","Mon district, India","Four Assam Rifles personnel were killed in an ambush by militants of the National Socialist Council of Nagaland in Nagaland's Mon district, near the Indian-Myanmar border. Six other soldiers were injured in the incident, two of them seriously.[153]","National Socialist Council of Nagaland","Nagaland conflict"
"17","Bombing, shooting","8","0","Wajir County, Kenya","Eight Kenyan security forces were killed when the car they were traveling in ran over an improvised explosive device, and then Al-Shabaab fighters opened fire in the northeastern Wajir County in Kenya.[154]","Al-Shabaab","Spillover of the War in Somalia"
"17","Shooting","2","0","Teorama, Colombia","Two civilians were killed when being confused for being supposed members of the ELN, in Teorama, Norte de Santander Department.[155][156]","EPL","Colombian conflict"
"17","Shooting, kidnapping","2","7","Diyala Governorate, Iraq","Two people were killed and seven others kidnapped by Islamic state extremists in the province of Diyala, north of the Iraqi capital Baghdad.[157]","Islamic State","Iraqi insurgency"
"17","Kidnapping, execution","7","23","Saladin Governorate, Iraq","At least 30 people from one tribe were kidnapped by Islamic state terrorists in the Saladin governorate in Iraq. The bodies of seven of them were found in a desert.[158]","Islamic State","Iraqi insurgency"
"17","Execution","2","0","Macomia District, Mozambique","Two people were assassinated by terrorists in the village of Nkoe in the Macomia district of the province of Cabo Delgado in Mozambique.[159]","Ansar al-Sunna","Islamist insurgency in Mozambique"
"18","Stabbing","1","0","Ukhia Upazila, Bangladesh","The Rohingya refugee camp leader Arif Ullah was hacked to death by members of the Arakan Rohingya Salvation Army in a camp in the Ukhia Upazila in the Cox's Bazar district of the Chittagong Division in Bangladesh.[160][161]","Arakan Rohingya Salvation Army","Terrorism in Bangladesh"
"18","Ambush","6","0","Nineveh Governorate, Iraq","Six people, including two members of Iraq's al-Hashd al-Ashaeri militia, were killed in an ambush by Islamic state militants near the Iraqi city of Mosul.[162]","Islamic State","Iraqi insurgency"
"18","Shooting","1","0","Fortul, Colombia","A soldier was intercepted by two individuals on a motorcycle and then shot dead in Fortul in the Colombian department of Arauca.[163]","ELN","Colombian conflict"
"18","Shooting","9","2","Nganzai, Nigeria","Boko Haram militants killed nine soldiers and wounded two others when they attacked the town of Gajiram, headquarters of the local government of Nganzai in northeastern Nigeria.[164]","Boko Haram","Boko Haram insurgency"
"18","Rocket Attack","0","0","Ashkelon, Israel","Militants fired three rockets to Southern Israel after a bombing of  number of targets in the coastal enclave in response to numerous arson attacks. Two of the rockets s fell inside Israel, while the third appeared to fall short of the border.[165]","Izz ad-Din al-Qassam Brigades","Israeli–Palestinian conflict"
"19","Shooting, Arson","0","0","Malleco Province, Chile","Gunmens armed with shotguns arrived and fired at the property of a subcontractor company in the comune of Malleco, Araucanía Region.Later the attackers burned a front loader and agricultural machinery.[166][167][168]","Coordinadora Arauco-Malleco","Mapuche conflict"
"19","Shooting","0 (+3)","5","Tral, India","Three Jaish-e-Mohammed terrorists were killed and five security personnel injured in a gunfight in Tral in the Pulwama district of Jammu and Kashmir, India.[169]","Jaish-e-Mohammed","Insurgency in Jammu and Kashmir"
"19","Stabbing","1","0","Giridih district, India","Maoists slit the throat of a 30-year-old man suspecting him to be a police informer and dumped his body on a road in a village in the Giridih district in the Indian state of Jharkhand.[170]","CPI","Naxalite-Maoist insurgency"
"19","Kidnapping","0","3","Ar-Rutbah, Iraq","Three civilians were abducted by Islamic State militants in the town of Ar-Rutbah in the western Iraqi province of Anbar.[171]","Islamic State","Iraqi insurgency"
"19","Bombing","2","3","Eruh, Turkey","One soldier was killed and two others injured when an improvised explosive device detonate in the Eruh district.[172]","PKK","Kurdish Turkish conflict"
"19","Bombing","1","1","Sirnak, Turkey","One soldier was killed and other injured durin the blas of an improvised explosive device in the city of Şırnak, Şırnak Province.[173]","PKK","Kurdish–Turkish conflict"
"19","Kidnapping","0","1","Al-Shirqat District, Iraq","A group of Islamic State militants attacked a village in the Al-Shirqat district of the Iraqi governorate of Saladin and abducted a farmer there.[174]","Islamic State","Iraqi insurgency"
"19","Shooting","0","2","Kanker district, India","Two members of the District Reserve Guard were injured during a gunfight against naxals near Tamora Vilalge, Kanker district, Chhattisgarh.[175]","CPI","Naxalite-Maoist insurgency"
"19","Stabbing, arson","5","0","Macomia District, Mozambique","At least five people were killed in the village of Litandacua in the Macomia district in the Mozambican province of Cabo Delgado in an attack by the terrorist group Ansar al-Sunna. The terrorists used sharp weapons and also set 40 houses on fire.[176]","Ansar al-Sunna","Islamist insurgency in Mozambique"
"20","Bombing","0","1","Ho Chi Minh City, Vietnam","An improvised explosive device detonate outside a police station in Vietnam's southern Ho Chi Minh City injured a female officer and damaging several motorbikes. Days later eight suspects were arrested with 10 kg of explosives and eight more bombs and ammunition, and received money from the California-based Provisional Government of Vietnam, a group still loyal to the now defunct state of South Vietnam, which Hanoi listed as a terrorist organization, the authorities added.[177][178]","Provisional National Government of Vietnam","Terrorism in Vietnam"
"20","Kidnapping","0","2","Patikul, Philippines","Abu Sayyaf terrorists kidnapped a woman and her mother while they were asleep in a village in the municipality of Patikul in the Sulu province in the southern Philippines.[179]","Abu Sayyaf","Moro conflict"
"20","Suicide car bombing","4 (+1)","0","Derna, Libya","Four members of east Libyan security forces were killed in the city of Derna by a suicide bomber bearing a white flag as he drove towards a group of soldiers.[180]","Derna Protection Force","Libyan Civil War"
"20","Shooting","3","0","Bondo, Mali","Three hunters were killed in a gunfight with suspected jihadists in the commune of Bondo in the Koro Cercle of the Malian Mopti region.[181]","Al-Qaeda in the Islamic Maghreb (suspected)","Northern Mali conflict"
"20","Suicide bombings","0 (+2)","15","Maiduguri, Nigeria","Fifteen people were injured when two suicide bombers attacked military barracks in the city of Maiduguri in northeastern Nigeria.[182]","Boko Haram","Boko Haram insurgency"
"20","Shootings","30 (+16)","0 (+15)","Murghab District, Afghanistan","30 soldiers of the Afghan army were killed after militants attacked two security checkpoints in the Murghab district in the Afghan province of Badghis. In the incident, also 16 Taliban fighters were killed and 15 wounded.[183]","Taliban","War in Afghanistan"
"20","Shootings","15","0","Farah Province, Afghanistan","At least 15 policemen were killed in two attacks in two different districts of the Afghan province of Farah.[184]","Taliban (suspected)","War in Afghanistan"
"20","Shooting","2 (+2)","3","Zabol County, Iran","Two Iranian border guards were killed and three others injured in an attack by terrorists at a border post in the Zabol county in the southeastern Iranian province of Sistan and Baluchestan. In the ranks of the terrorists, two people died.[185][186][187]","Ansar Al-Furqan","Sistan and Baluchestan insurgency"
"21","Shooting","0","0","Mbengwi, Cameroon","Separatists attacked a police patrol team in Mbengwi road at the entrance to Bamenda but did not however reveal any casualties suffered.[188]","Ambazonia Defence Forces","Anglophone Crisis"
"21","Bombing","0","6","Magpet, Philippines","An army lieutenant and five soldiers were injured when a roadside bomb detonate in the bangaray Binar, Magpet, Cotabato.[189]","New People's Army","Communist rebellion in the Philippines"
"21","Kidnapping, shooting","4","43","Spin Boldak District, Afghanistan","Taliban militants kidnapped at least 43 people in the Spin Boldak district in the southern Afghan province of Kandahar. Four security personnel were killed when they tried to rescue the abductees.[190]","Taliban","War in Afghanistan"
"21","Car bombing, bombing","8","35","Idlib,Syria","At least eight civilians were killed and 35 others injured in two bomb explosions in the northwest Syrian city of Idlib.[191][192]","Islamic State (suspected)","Syrian Civil War"
"22","Shooting","3","0","Bamenda, Cameroon","A policemen and two civilians were killed in armed clashes between security forces and armed separatist.[193]","Ambazonia Defence Forces (suspected)","Anglophone Crisis"
"22","Shootings","18","0","Ab Kamari District, Afghanistan","Taliban militants killed at least 16 Afghan police officers and two civilians in the Ab Kamari district of the western Afghan province of Badghis.[194]","Taliban","War in Afghanistan"
"22","Shooting","0","2","Diyala Governorate, Iraq","Two soldiers were injured in an armed attack on a security checkpoint in the Iraqi province of Diyala.[195]","Islamic State","Iraqi insurgency"
"22","Grenade attack","0","10","Tral, India","At least five CRPF personnel and as many policemen were injured after militants threw a grenade at a joint patrolling party in the town of Tral in the Pulwama district of Jammu and Kashmir.[196]","Hizbul Mujahideen","Insurgency in Jammu and Kashmir"
"22","Stabbing, shooting, arson","5","0","Palma District,Mozambique","An armed group armed with guns and machetes attacked the village of Maganja in the district of Palma in the northern Mozambican province of Cabo Delgado, killing five people and burning 120 houses.[197][198]","Ansar al-Sunna","Islamist insurgency in Mozambique"
"22-23","Execution","3","0","Far North Region, Cameroon","Boko Haram terrorists attacked the locality of Guid-Zeleved in the Far North region of Cameroon, slaughtering three people.[199]","Boko Haram","Boko Haram insurgency"
"23","Arson","0","0","Lago Puelo, Argentina","Mapuche militants burned and destroyed a communications tower and a neighboring house in the municipality of Lago Puelo Chubut Province.The attack involves cutting the services provided by the structure to the communities in the area, where they were found graffiti and canvas related with the mapuche cause.[200]","Resistencia Ancestral Mapuche","Mapuche conflict"
"23","Car bombing","0","2","Derna, Libya","A car bomb exploded in the eastern Libyan city of Derna, injuring two soldiers.[201]","Derna Protection Force","Libyan Civil War"
"23","Arson","0","0","Toledo, Colombia","Members of the FARC´S 36th Front burned a [[[Mi-17 helicopter]] that is used to transport material to Hidroituango in the municipality of Valle de Toledo, Toledo, north of Antioquia. In that area there is a presence of dissidences from the 36th front of the Farc commanded by ""Cabuyo"".[202]","FARC´S 36th Front","Colombian conflict"
"23","Vehicular Attack","0","3","Bethlehem, West Bank","Three Israeli soldiers were injured when a Palestinian driver rammed them in the west of Bethlehem, West Bank. Hours later, the attacker surrendered to the authorities.[203]","Palestinian Nationalist","Israeli–Palestinian conflict"
"23","Bombing","2","2","Bondo, Mali","A vehicle ran on an explosive device in the commune of Bondo in the Koro Cercle of the Malian Mopti region, killing two people and wounding two more.[204][205]","Al-Qaeda in the Islamic Maghreb (suspected)","Northern Mali conflict"
"23","Suicide bombing, shooting, arson","5 (+1)","6","Konduga, Nigeria","At least five people were killed and six others injured in a Boko Haram raid and suicide attack on the village of Tungushe in the Konduga local government area in the northeastern Nigerian state of Borno.[206][207]","Boko Haram","Boko Haram insurgency"
"23","Grenade attack","2","156","Addis Ababa, Ethiopia","At a rally of the new Ethiopian Prime Minister Abiy Ahmed in Addis Ababa, two people were killed and 156 injured in a grenade attack.[208][209][210]","Unknown","Ethiopian protests"
"23","Bombing","0","8","Patikul, Philippines","Eight government soldiers were wounded in a blast after an Abu Sayyaf explosive blew up in the town of Patikul in the southern Philippine province of Sulu.[211]","Abu Sayyaf","Moro conflict"
"23","Kidnapping, execution","1","0","Kasserine Governorate, Tunisia","Jihadists captured and tortured a young shepherd near the mountain Jebel ech Chambi in the Kasserine governorate in Tunisia. The terrorists later released him, but he died of his wounds.[212][213]","Al-Qaeda in the Islamic Maghreb","Insurgency in the Maghreb"
"23","Grenade attack","2","47","Bulawayo, Zimbabwe","2018 Bulawayo bombing: Two people were killed and at least 47 others, including Zimbabwe's Vice-President Kembo Mohadi, injured in a grenade attack on the President of Zimbabwe, Emmerson Mnangagwa, in the city of Bulawayo in Zimbabwe.[214][215][216][217]","Unknown","Zimbabwe protests"
"24","Shooting","0 (+2)","0","Kulgam district, India","Lashkar-e-Taiba terrorists attacked an army patrol party in the Kulgam district of Jammu and Kashmir in India. Two of the attackers were gunned down and a third was captured by the security forces.[218]","Lashkar-e-Taiba","Insurgency in Jammu and Kashmir"
"24","Shooting","1 (+1)","1","Piranshahr County, Iran","An Iranian border guard was killed and another injured in a shootout with Kurdish militants near the city of Piranshahr in the northwest of Iran. One of the assailants was also killed in the incident.[219][220]","Democratic Party of Iranian Kurdistan","Western Iran clashes"
"24","Arson","0","0","Botolan, Philippines","NPA Gunmen burned a backhoe and a payloader owned by a private company that is constructing a portion of the road linking Capas in Tarlac to Botolan in Zambales province. No casualties were reported.[221]","New People's Army","Communist rebellion in the Philippines"
"25","Shooting","0","0","Satipo Province, Peru","Peruvian soldiers reppeled an attack for members of Sendero Luminoso in Satipo Province, Junín Region, Peru. No casualties were reported.[222]","Sendero Luminoso","Internal conflict in Peru"
"25","Shooting","3 (+3)","8","Mirjaveh, Iran","Three Iranian security personnel and three militants were killed in a cross-border attack on the frontier with Pakistan in the town of Mirjaveh in the province of Sistan and Baluchestan in Iran. Eight others were also injured in the incident.[223][224][225]","Jaish ul-Adl","Sistan and Baluchestan insurgency"
"25","Shooting","1","2","Bitlis, Turkey","One soldier was killed and two injured during an anti-terrorist opertaion in Bitlis, Bitlis Province.[226]","PKK","Kurdish–Turkish conflict"
"25","Bombing, shooting","2","0","Balad District, Somalia","Two soldiers were killed after the vehicle carrying them ran over an improvised explosive device near the town of Balad in the Middle Shabelle region of Somalia. The explosion was followed by heavy gunfire.[227][228]","Al-Shabaab","Somali Civil War"
"25","Shooting","3","2","Nduga Regency, Indonesia","Three  migrant traders from the South Sulawesi province,were killed and two injured when militants opened fire on them after the plane landed at the Kenyam airport, Nduga Regency, Papua province.[229][230]","West Papua Liberation Army","Papua conflict"
"25","Shooting","81 (+5)","6","Plateau State, Nigeria","At least 86 people were killed in a series of Clashes between farmers and cattle herders, police in Plateau state said. Some reports say fighting began on Thursday when ethnic Berom farmers attacked Fulani herders, killing five of them.A retaliatory attack on Saturday led to more than eighty one deads, six injurieds, 50 houses had been burned, as well as 15 motorbikes and two vehicles.[231][232][233]","Fulani herdsmen","Communal conflicts in Nigeria"
"26","Assassination","1","0","Doğubayazıt, Turkey","A civilian who wascommissioned as a voting center representative for the ruling Justice and Development Party (AKP) for the June 24 presidential and parliamentary elections. was killed for suspected PKK militants.[234]","PKK","Kurdish–Turkish conflict"
"26","Shooting, kidnapping","3","1","Far North Region, Cameroon","Three civilians were killed and a woman abducted in an incursion led by a group of armed persons in Oulfo on the border between Cameroon and Nigeria in the Far North region of Cameroon.[235]","Boko Haram","Boko Haram insurgency"
"26","Ambush","0","3","Lope de Vega, Philippines","Three soldiers were wounded after a Community Support Program Team from the Philippine Army's 43rd Infantry Battalion was ambushed by terrorists of the New People's Army in Lope de Vega, North Samar province.[236]","New People's Army","CPP-NPA-NDF conflict"
"26","Bombing, shooting","7","4","Garhwa district, India","Seven members of the Jharkhand Jaguar force were killed and four others injured when Maiosts carried out a landmine explosion and opened fire on security personnel in the Garhwa district of the Indian state of Jharkhand.[237]","CPI","Naxalite-Maoist insurgency"
"26","Stabbing, shooting","7","Dozens","Damboa, Nigeria","At least seven people were killed while dozens sustained injuries when Boko Haram militants attacked them at a village in the local government area of Damboa in the Nigerian state of Borno.[238]","Boko Haram","Boko Haram insurgency"
"27","Rocket Attack","0","0","Or HaNer, Israel","Three rockets fired from the Gaza strip were intercepted by the Iron Dome system, and other nine were launhed, but no information is currently available about them.The Izz ad-Din al-Qassam Brigades claim responsibility for the attack.[239][240]","Izz ad-Din al-Qassam Brigades","Israeli–Palestinian conflict"
"27","Shooting","0 (+2)","2","Davao City, Philippines","Two soldiers of the Philippine Army's 3rd Infantry Battalion were wounded, while two members of the New People's Army died in an encounter in Davao City in the Philippines.[241]","New People's Army","CPP-NPA-NDF conflict"
"27","Shooting","1","0","Mogadishu, Somalia","A member of the Somali National Army was killed by suspected Islamic State assailants in Mogadishu, the capital of Somalia.[242][243]","Islamic State (suspected)","Somali Civil War"
"27","Bombing","3","7","Wanlaweyn District, Somalia","At least three government soldiers were killed and seven others injured in a bomb explosion targeting a military vehicle near the town of Wanlaweyn in the Lower Shabelle region of Somalia.[244][245]","Al-Shabaab","Somali Civil War"
"27","Car bombings","10","20","Afrin, Syria","At least 10 civilians were killed and 20 more injured in two car bomb attacks in the northwestern Syrian city of Afrin.[246]","Afrin Falcons","Syrian Civil War"
"27","Shooting","16","6","Chah Ab District, Afghanistan","At least 16 members of the border police were killed in a Taliban attack in the Chah Ab district of the northeastern Afghan province of Takhar. Six other people were still missing.[247]","Taliban","War in Afghanistan"
"28","Bombing","0","1","Yaha District, Thailand","A latex tapper stepped on a landmine and lost her leg at a rubber plantation in the Yaha district of the Yala province in Thailand.[248][249]","Barisan Revolusi Nasional","South Thailand insurgency"
"28","Bombing","8","4","Charkh District, Afghanistan","A bomb explosion killed eight people and injured four others at a small gathering calling for peace in the Charkh district of the Afghan province of Logar.[250][251]","Taliban","War in Afghanistan"
"28","Shooting","5","Several","Qoriyoley District, Somalia","At least five people were killed and several others injured after Al-Shabaab militants attacked SNA forces at a village in the Qoriyoley district of the Somalian Lower Shabelle region.[252]","Al-Shabaab","Somali Civil War"
"29","Arson","0","0","Carahue, Chile","Militants burned machinery of a Chilean forestry company in the commune of Carahue, La Araucania Region[253][168]","Coordinadora Arauco Malleco","Mapuche conflict"
"29","Grenade attack","0","3","Shopian district, India","Militants threw a grenade at an army patrol unit in a village in the Shopian district in the Indian state of Jammu and Kashmir, injuring three people.[254][255]","Jaish-e-Mohammed","Insurgency in Jammu and Kashmir"
"29","Kidnapping","0","3","Ar-Rutba District, Iraq","Three civilians were kidnapped by terrorists when they tried to dig water wells in the Ar-Rutba district of the western Iraqi province of Anbar.[256]","Islamic State","Iraqi insurgency"
"29","Shooting","2 (+6)","5","Mbengwi, Cameroon","One soldiers and wounded another five in an ambush on an army vehicle in Mbengwi, Momo Department. The Cameroonian Army claimed that six separatists were killed when reinforcements arrived to evacuate the wounded soldiers. Later security sources say six separatist fighters were killed after a contingent of soldiers arrived as backup on the scene before transporting the five injured soldiers to a medical facility in Bamenda.[257]","Ambazonia Defence Forces","Anglophone Crisis"
"29","Bombing","2","0","Hawija District, Iraq","An improvised explosive device placed by Islamic state fighters blew up in a village in the Hawija district of the Iraqi province of Kirkuk, killing two people.[258]","Islamic State","Iraqi insurgency"
"29","Suicide car bombing, shooting","3 (+2)","5 (+3)","Sévaré, Mali","A suicide bomber in a car packed with explosives detonated at the headquarters of an international anti-terror task force, the G5 Sahel, in the town of Sévaré in the Mopti region, setting off a gun battle that killed two soldiers, a civilian and two attackers.  Four soldiers, three suspected attackers and one civilian were also injured in the incident.[259][260][261]","Jama'at Nasr al-Islam wal Muslimin","Northern Mali conflict"
"29","Shootings","3","0","Mogadishu and Afgooye District, Somalia","Armed men said to be members of the Islamic State shot and killed two Somali soldiers and a civilian in the Somali capital Mogadishu and the nearby village of Ceelasha Biyaha.[262]","Islamic State","Somali Civil War"
"30","Bombing","0","1","Mueang Yala District, Thailand","A rubber tapper was badly wounded in a bomb explosion at a plantation in the Mueang Yala district in the Thai province of Yala.[263][264]","Barisan Revolusi Nasional","South Thailand insurgency"
"30","Bombing","4","2","Koro Cercle, Mali","Four Malian soldiers were killed and two others injured when the vehicle they were traveling in hit a mine in the Koro Cercle in the Mopti region of Mali.[265]","Al-Qaeda in the Islamic Maghreb (suspected)","Northern Mali conflict"
"30","Shooting, bombing","4 (+2)","6","Bama, Nigeria","Boko Haram jihadists killed four people and injured four others during an attack on a camp for displaced civilians in Banki in the local government area of Bama in Borno State, Nigeria. Two terrorists were also killed in the fight and the others fled. Later, two soldiers were wounded when their patrol vehicle hit a landmine planted by the fleeing jihadists in the village of Freetown, nine kilometers away.[266]","Boko Haram","Boko Haram insurgency"
"30","Bombing","1","6","Afgooye District, Somalia","A bodyguard was killed and six other people, including the governor of the Lower Shabelle region, were injured in a roadside bomb explosion near the Somali capital Mogadishu.[267][268]","Al-Shabaab","Somali Civil War"
"30","Ambush","6","4","Hawija District, Iraq","Six Sunni tribal fighters were killed and four more injured in an ambush carried out by Islamic state members in the Hawija district of the Iraqi province of Kirkuk.[269][270]","Islamic State","Iraqi insurgency"
"30","Execution, arson","3","0","Khogyani District, Afghanistan","Islamic State militants beheaded at least three people working as attendants for a local school in the Khogyani district of the eastern Afghan province of Nangarhar. The school building was also set on fire.[271][272]","Islamic State","War in Afghanistan"
"30","Bombings","0","0","Shariff Aguak, Philippines","Militants of the Bangsamoro Islamic Freedom Fighters detonated two bombs that rocked the Barangay Hall of Barangay Timbangan in the municipality of Shariff Aguak in the Philippine province of Maguindanao. No one was injured in the incident.[273]","Bangsamoro Islamic Freedom Fighters","Moro conflict"